<?xml version="1.0" encoding="UTF-8"?>
<uptime xmlns:xsi="http://www.w3.org/2001/XMLSchema-instance" version="4.0" target_grouping="other">
	<class>SharePoint</class>
	<exec>com.uptimesoftware.uptime.erdc.MonitorCustomScriptRunner</exec>
	<erdc_version>2.1</erdc_version>
	<category>Applications - General</category>
    <category_related>Applications - Web Services</category_related>
    <grid_info>
        <supported_versions>7.3,7.4,7.5,7.6,7.7</supported_versions>
        <supported_platforms>windows</supported_platforms>
        <upgrade_in_place>true</upgrade_in_place>
        <requires_agent_scripts>false</requires_agent_scripts>
    </grid_info>	
	<elements>
		<element name="process_windows" parameter_type="input" data_type="string" gui_basic="1" range_type="0" hidden="true">
			<control_options> size:40 </control_options>
			<default_value>plugins/scripts/monitor-sharepoint/monitor-sharepoint.bat</default_value>
			<short_description>Script Name</short_description>
			<long_description>Name of the script/binary/process to be executed by up.time </long_description>
			<validation_rule><alphanumeric/></validation_rule>
			<error_message><alphanumeric>required field</alphanumeric></error_message>
			<gui_type><string/></gui_type>
		</element>
		<element name='USERNAME' parameter_type='input' data_type='string' gui_basic='1' range_type='0' units=''>
			<control_options>size:8</control_options>
			<default_value></default_value>
			<validation_rule/><error_message/>
			<short_description>Username</short_description>
			<long_description>Username</long_description>
			<gui_type><string/></gui_type>
		</element>
		<element name='PASSWORD' parameter_type='input' data_type='string' gui_basic='1' range_type='0' units=''>
			<control_options>size:8</control_options>
			<default_value></default_value>
			<validation_rule/><error_message/>
			<short_description>Password</short_description>
			<long_description>Password</long_description>
			<gui_type><password/></gui_type>
		</element>
		<element name='Totaldocsinfirstqueue' parameter_type='output' data_type='integer' gui_basic='' range_type='0' units=''>
			<control_options>size:8</control_options>
			<default_value></default_value>
			<short_description>Total Docs in first queue</short_description>
			<long_description>Total Docs in first queue</long_description>
			<validation_rule/>
			<error_message/>
			<gui_type><integer/></gui_type>
		</element>
		<element name='Totaldocsinsecondqueue' parameter_type='output' data_type='integer' gui_basic='' range_type='0' units=''>
			<control_options>size:8</control_options>
			<default_value></default_value>
			<short_description>Total Docs in second queue</short_description>
			<long_description>Total Docs in second queue</long_description>
			<validation_rule/>
			<error_message/>
			<gui_type><integer/></gui_type>
		</element>
		<element name='IdleThreads' parameter_type='output' data_type='integer' gui_basic='' range_type='0' units=''>
			<control_options>size:8</control_options>
			<default_value></default_value>
			<short_description>Idle Threads</short_description>
			<long_description>Idle Threads</long_description>
			<validation_rule/>
			<error_message/>
			<gui_type><integer/></gui_type>
		</element>
		<element name='ThreadsAccessingNetwork' parameter_type='output' data_type='integer' gui_basic='' range_type='0' units=''>
			<control_options>size:8</control_options>
			<default_value></default_value>
			<short_description>Threads Accessing Network</short_description>
			<long_description>Threads Accessing Network</long_description>
			<validation_rule/>
			<error_message/>
			<gui_type><integer/></gui_type>
		</element>
		<element name='FilteringThreads' parameter_type='output' data_type='integer' gui_basic='' range_type='0' units=''>
			<control_options>size:8</control_options>
			<default_value></default_value>
			<short_description>Filtering Threads</short_description>
			<long_description>Filtering Threads</long_description>
			<validation_rule/>
			<error_message/>
			<gui_type><integer/></gui_type>
		</element>
		<element name='ThreadsInPlugins' parameter_type='output' data_type='integer' gui_basic='' range_type='0' units=''>
			<control_options>size:8</control_options>
			<default_value></default_value>
			<short_description>Threads In Plug-Ins</short_description>
			<long_description>Threads In Plug-Ins</long_description>
			<validation_rule/>
			<error_message/>
			<gui_type><integer/></gui_type>
		</element>
		<element name='Crawlsinprogress' parameter_type='output' data_type='integer' gui_basic='' range_type='0' units=''>
			<control_options>size:8</control_options>
			<default_value></default_value>
			<short_description>Crawls in progress</short_description>
			<long_description>Crawls in progress</long_description>
			<validation_rule/>
			<error_message/>
			<gui_type><integer/></gui_type>
		</element>
		<element name="timer" parameter_type="output" data_type="integer" gui_basic="0" range_type="0" units="ms">
			<control_options>size:8</control_options>
			<default_value/>
			<short_description>Response time</short_description>
			<long_description>Response time in ms</long_description>
			<validation_rule/>
			<error_message/>
			<gui_type><integer/></gui_type>
		</element>
	</elements>
	<help>Allows the ability to monitor Microsoft SharePoint performance.</help>
</uptime>




